seed,no_fs_acc
1,0.5789473684210527
2,0.8947368421052632
3,0.631578947368421
4,0.8421052631578947
5,0.7894736842105263
